PK,Pendapatan_Orang_Tua,Asal_Sekolah,Lokasi_Domisili,Keikutsertaan_Organisasi,Pengalaman_Sosial,Gender,Status_Disabilitas,Prestasi_Akademik,Prestasi_Non_Akademik,Diterima_Beasiswa,Tahun_Pendaftaran
3.28,3.76,Swasta,Kota,2,298,L,Tidak,6,0,1,2020
2.17,3.76,Negeri,Desa,1,324,P,Tidak,5,0,1,2020
2.32,2,Swasta,Desa,0,482,P,Tidak,5,2,1,2020
3.8,11.44,Negeri,Desa,1,396,L,Tidak,2,1,1,2020
3.21,10.46,Negeri,Kota,2,393,L,Tidak,7,2,1,2020
2.02,7.91,Negeri,Desa,0,74,P,Tidak,4,2,0,2020
2.2,12.9,Negeri,Kota,3,465,L,Tidak,1,3,1,2020
3.33,12.38,Negeri,Kota,0,481,L,Tidak,3,0,0,2020
2.01,9.4,Swasta,Kota,3,102,L,Tidak,3,0,0,2020
2.32,13.22,Negeri,Kota,0,296,L,Tidak,1,4,0,2020
3.1,4.28,Swasta,Desa,2,489,P,Tidak,1,5,1,2020
3.38,3.01,Negeri,Kota,2,177,P,Tidak,7,2,1,2020
3.3,5.14,Negeri,Kota,0,214,P,Tidak,4,2,1,2020
2.45,2.27,Swasta,Kota,1,454,P,Tidak,2,1,1,2020
3.42,8.67,Negeri,Kota,2,314,L,Tidak,1,0,1,2020
2.47,14.14,Negeri,Kota,3,38,L,Tidak,2,1,1,2020
2.65,2.03,Negeri,Kota,3,258,L,Tidak,7,3,1,2020
3.49,3.15,Negeri,Desa,4,203,L,Tidak,6,4,1,2020
3.3,7.6,Swasta,Desa,5,6,L,Tidak,0,1,1,2020
3.7,14.11,Negeri,Kota,5,48,P,Tidak,3,0,1,2020
3.32,5.77,Swasta,Kota,5,25,P,Tidak,4,3,1,2020
3.14,8.35,Swasta,Kota,3,160,L,Tidak,3,2,1,2020
2.19,2.06,Negeri,Desa,4,356,P,Tidak,4,3,1,2020
2.74,3.5,Swasta,Kota,5,175,P,Tidak,7,5,1,2020
2.53,14.82,Negeri,Kota,5,78,P,Tidak,0,1,0,2020
2.49,14.53,Swasta,Kota,0,1,P,Tidak,3,0,0,2020
3.95,1.57,Negeri,Kota,0,488,P,Tidak,0,1,1,2020
2.79,14.35,Swasta,Kota,0,382,P,Tidak,7,2,0,2020
3.78,10.13,Negeri,Desa,1,454,P,Ya,4,2,1,2020
3.26,13.22,Negeri,Kota,5,415,P,Tidak,1,0,1,2020
3.59,7.64,Swasta,Kota,1,131,L,Tidak,6,5,1,2020
3.01,8.46,Swasta,Desa,4,275,L,Ya,3,4,1,2020
3.15,8.1,Negeri,Desa,3,497,P,Ya,0,3,1,2020
2.99,10.5,Negeri,Kota,5,116,L,Tidak,5,3,1,2020
2.39,3.39,Swasta,Kota,3,163,L,Tidak,3,2,1,2020
3.44,1.9,Swasta,Kota,0,287,P,Tidak,3,1,1,2020
2.56,5.66,Swasta,Desa,5,27,L,Tidak,3,1,1,2020
2.05,11.01,Swasta,Kota,2,332,P,Tidak,2,5,1,2020
3.29,4.23,Swasta,Desa,1,0,P,Tidak,0,4,1,2020
2.35,10.59,Swasta,Desa,1,187,P,Tidak,0,1,0,2020
3.88,14.59,Negeri,Kota,5,55,P,Tidak,3,3,1,2020
3.91,2.77,Negeri,Kota,0,34,L,Tidak,7,1,1,2020
3.83,10.58,Swasta,Kota,1,111,P,Tidak,7,4,1,2020
2.74,7.49,Swasta,Kota,0,285,P,Ya,1,3,1,2020
2.03,13.22,Negeri,Kota,4,309,P,Tidak,3,1,1,2020
3.86,3.89,Negeri,Desa,3,35,L,Ya,2,3,1,2020
2.86,10.85,Swasta,Desa,2,438,L,Tidak,4,2,1,2020
3.93,12.81,Negeri,Kota,3,216,P,Tidak,2,2,1,2020
3.93,14.25,Negeri,Desa,3,79,L,Tidak,7,5,1,2020
3.71,10.72,Negeri,Kota,4,313,P,Tidak,1,2,1,2020
2.59,8.21,Negeri,Kota,1,82,L,Tidak,7,1,1,2020
2.77,9.84,Negeri,Kota,2,64,L,Tidak,7,4,1,2020
3.7,13.23,Negeri,Kota,1,324,L,Tidak,7,3,1,2020
2.63,9.2,Negeri,Desa,5,127,L,Ya,3,0,1,2020
2.34,1.91,Swasta,Desa,3,306,P,Tidak,7,2,1,2020
3.11,14.07,Negeri,Kota,5,21,P,Tidak,0,2,0,2020
3.87,10.81,Swasta,Kota,0,215,L,Tidak,6,0,0,2020
3.39,10.63,Swasta,Kota,3,106,P,Tidak,5,0,1,2020
3.14,4.41,Negeri,Kota,1,108,L,Tidak,3,1,1,2020
2.19,10.39,Swasta,Desa,3,371,P,Tidak,1,3,1,2020
3.23,6.82,Negeri,Desa,0,356,L,Tidak,0,2,0,2020
3.98,10.29,Swasta,Kota,4,180,P,Tidak,2,4,1,2020
2.28,2.94,Negeri,Kota,5,355,P,Tidak,7,1,1,2020
3.04,10.38,Swasta,Kota,5,163,P,Tidak,4,1,1,2020
3.75,14.99,Swasta,Kota,1,67,P,Tidak,4,4,1,2020
3.48,2.15,Negeri,Kota,3,291,P,Tidak,6,4,1,2020
3.39,14.69,Negeri,Kota,1,179,P,Tidak,3,5,1,2020
3.4,6.99,Swasta,Desa,4,180,P,Tidak,2,4,1,2020
2.72,13.26,Swasta,Desa,3,465,P,Tidak,6,0,0,2020
2.59,12.06,Negeri,Kota,3,433,P,Tidak,5,2,1,2020
3.62,9.15,Swasta,Kota,1,463,L,Tidak,5,5,1,2020
3.62,11.47,Negeri,Kota,1,168,P,Ya,6,0,1,2020
3.73,13.36,Swasta,Kota,0,401,L,Ya,1,5,1,2020
3.83,6.96,Negeri,Desa,4,21,P,Tidak,4,2,1,2020
3.02,5.91,Swasta,Kota,0,65,P,Tidak,2,5,1,2020
3,10.51,Negeri,Kota,5,20,P,Tidak,3,0,0,2020
3.6,12.41,Negeri,Kota,3,99,L,Tidak,7,3,1,2020
3.3,11.79,Negeri,Desa,1,383,L,Tidak,0,2,1,2020
3.4,12.27,Negeri,Kota,3,299,P,Tidak,3,1,1,2020
3.59,7.38,Negeri,Kota,3,102,P,Tidak,3,2,1,2020
3.78,12.54,Negeri,Kota,2,46,L,Tidak,2,2,1,2020
2.68,3.12,Swasta,Desa,5,38,L,Tidak,4,2,1,2020
2.75,8.85,Negeri,Desa,2,284,P,Tidak,2,3,1,2020
2.19,1.58,Negeri,Kota,3,309,P,Ya,0,0,1,2020
3.16,5.88,Negeri,Desa,1,89,L,Tidak,6,1,1,2020
2.07,6.45,Negeri,Desa,3,84,L,Tidak,2,0,0,2020
2.93,6.85,Negeri,Desa,5,272,L,Tidak,1,5,1,2020
3.09,10.89,Negeri,Kota,2,335,P,Tidak,3,5,1,2020
2.57,6.75,Negeri,Kota,1,187,L,Tidak,4,5,1,2020
3.18,7.56,Negeri,Kota,3,158,L,Tidak,7,0,0,2020
2.06,4.71,Negeri,Desa,4,242,L,Tidak,5,4,1,2020
2.07,6.54,Negeri,Kota,5,72,L,Tidak,0,3,0,2020
3.65,4.57,Negeri,Desa,5,478,P,Tidak,5,4,1,2020
2.72,2.49,Negeri,Kota,4,461,L,Tidak,3,5,1,2020
2.25,9.65,Swasta,Desa,3,48,L,Tidak,2,3,1,2020
3.04,10.52,Negeri,Desa,5,100,L,Tidak,5,0,0,2020
3.54,9.86,Swasta,Kota,1,1,L,Tidak,1,5,1,2020
2.43,7.76,Negeri,Desa,3,243,L,Ya,2,0,1,2020
3.25,6.63,Swasta,Kota,3,175,P,Ya,3,3,1,2020
2.17,13.16,Swasta,Desa,2,237,P,Tidak,5,0,0,2020
2.1,8.51,Negeri,Kota,5,397,P,Tidak,7,0,0,2020
3.06,7.97,Swasta,Kota,5,58,P,Tidak,6,1,1,2020
3.08,1.85,Negeri,Desa,4,352,P,Tidak,0,4,1,2020
3.27,6.11,Negeri,Kota,2,98,L,Ya,5,4,1,2020
3.45,6.63,Swasta,Desa,2,441,P,Tidak,7,4,1,2020
3.95,6.88,Swasta,Kota,5,358,P,Tidak,6,2,1,2020
3.03,9.33,Negeri,Kota,3,441,P,Tidak,6,1,1,2020
2.65,8.7,Negeri,Kota,2,494,P,Ya,5,5,1,2020
3.59,9.71,Negeri,Kota,4,434,L,Tidak,4,5,1,2020
2.54,11.83,Negeri,Kota,2,467,P,Tidak,5,5,1,2020
2.88,12.48,Swasta,Kota,4,1,P,Tidak,3,4,1,2020
2.16,11.19,Negeri,Kota,2,242,P,Tidak,6,4,1,2020
2.05,14.4,Negeri,Kota,4,296,L,Tidak,0,1,0,2020
3.93,1.75,Negeri,Desa,2,210,L,Tidak,3,0,1,2020
3.67,4.14,Negeri,Desa,2,122,L,Tidak,1,4,1,2020
3.39,1.6,Negeri,Kota,1,228,P,Ya,2,5,1,2020
2.82,10.24,Swasta,Desa,4,81,L,Tidak,5,0,0,2020
2.35,13.62,Swasta,Kota,4,143,L,Tidak,4,4,1,2020
2.31,4.79,Swasta,Desa,4,387,P,Tidak,0,3,1,2020
2.5,14.01,Negeri,Desa,0,139,L,Tidak,4,2,0,2020
3.1,2.31,Swasta,Desa,2,28,P,Tidak,4,4,1,2020
3.43,14.11,Swasta,Kota,4,390,L,Tidak,4,3,1,2020
3.32,6.25,Swasta,Desa,5,269,P,Tidak,5,1,1,2020
2.56,2.87,Negeri,Kota,0,246,P,Tidak,0,3,0,2020
3.91,8.06,Negeri,Desa,1,11,P,Tidak,0,1,1,2020
3.48,4.97,Negeri,Kota,4,354,P,Ya,6,4,1,2020
3.11,5.35,Negeri,Kota,4,388,L,Tidak,4,1,1,2020
3.22,5.65,Negeri,Desa,0,336,L,Tidak,6,3,1,2020
2.84,12.34,Negeri,Desa,2,105,L,Tidak,6,2,1,2020
2.5,8.78,Negeri,Kota,5,31,P,Tidak,2,0,0,2020
2.71,5.7,Swasta,Desa,1,73,P,Tidak,5,0,1,2020
3.52,9.74,Negeri,Kota,4,170,L,Tidak,5,2,1,2020
2.03,11.17,Negeri,Kota,2,336,P,Ya,3,5,1,2020
2.23,5.18,Swasta,Kota,5,68,L,Tidak,7,0,1,2020
2.09,7.08,Swasta,Kota,5,300,P,Tidak,6,4,1,2020
2.08,3.15,Swasta,Kota,1,361,P,Tidak,5,5,1,2020
3.71,3.95,Swasta,Kota,3,136,L,Tidak,4,4,1,2020
3.41,10.7,Negeri,Kota,5,432,P,Tidak,7,3,1,2020
2.95,3.95,Swasta,Kota,3,416,L,Tidak,1,3,1,2020
2.2,8.59,Negeri,Kota,5,483,P,Tidak,4,5,1,2020
2.98,11.07,Negeri,Desa,1,99,P,Tidak,0,5,0,2020
2.95,2.94,Negeri,Desa,0,145,L,Tidak,5,5,1,2020
2.35,9.16,Negeri,Kota,1,8,L,Tidak,7,5,1,2020
2.87,4.96,Negeri,Kota,1,61,L,Tidak,5,1,1,2020
2.8,14.5,Swasta,Kota,0,184,P,Tidak,3,5,0,2020
3.23,8.03,Swasta,Kota,0,28,P,Tidak,6,5,1,2020
3.27,12.38,Negeri,Desa,2,380,L,Tidak,1,3,1,2020
2.09,8.93,Negeri,Kota,5,113,P,Tidak,5,4,1,2020
2.75,2.09,Swasta,Kota,2,461,P,Tidak,3,3,1,2020
3.25,10.05,Swasta,Kota,0,408,L,Tidak,3,0,0,2020
3.01,14.34,Negeri,Kota,3,142,L,Tidak,1,1,1,2020
3.71,9.62,Swasta,Desa,3,389,P,Tidak,4,1,1,2020
3.32,12.56,Negeri,Desa,1,119,P,Tidak,4,4,1,2020
2.33,13.44,Negeri,Kota,4,169,L,Tidak,4,5,1,2020
2.14,4.58,Swasta,Kota,1,156,L,Tidak,2,3,1,2020
3.28,4.36,Negeri,Desa,1,334,L,Tidak,6,0,1,2020
2.05,9.75,Negeri,Desa,4,348,P,Tidak,7,3,1,2020
3.17,7.05,Swasta,Kota,5,259,L,Tidak,6,5,1,2020
3.88,12.84,Swasta,Kota,0,81,L,Tidak,4,5,1,2020
3.15,13.65,Negeri,Kota,3,241,P,Tidak,1,2,1,2020
2.78,6.27,Negeri,Kota,1,440,P,Tidak,2,3,1,2020
3.29,4.7,Negeri,Kota,4,432,L,Tidak,6,4,1,2020
2.92,12.04,Swasta,Kota,2,171,L,Tidak,4,3,1,2020
3.09,5.21,Negeri,Kota,1,230,P,Tidak,2,1,1,2020
3.88,12.61,Negeri,Kota,3,207,L,Tidak,7,0,1,2020
2.77,7.22,Swasta,Desa,0,74,L,Tidak,1,4,0,2020
3.92,10.51,Negeri,Kota,1,269,P,Tidak,4,2,1,2020
3.81,2.79,Negeri,Kota,1,386,L,Tidak,7,0,1,2020
2.39,9.92,Negeri,Kota,5,498,P,Ya,0,0,0,2020
2.14,7.6,Swasta,Kota,4,113,P,Tidak,7,1,1,2020
2.2,9.42,Negeri,Desa,2,61,L,Tidak,5,1,1,2020
2.04,3.77,Negeri,Kota,2,361,L,Tidak,1,1,1,2020
2.19,11.45,Swasta,Kota,0,319,P,Tidak,7,4,0,2020
3.37,13.15,Negeri,Desa,3,101,P,Tidak,7,3,1,2020
2.14,4.43,Negeri,Kota,0,428,P,Ya,3,0,1,2020
2.64,2.79,Negeri,Desa,1,361,P,Tidak,3,3,1,2020
3.69,1.82,Negeri,Kota,1,209,L,Ya,7,3,1,2020
2.05,10.17,Negeri,Kota,2,441,P,Tidak,7,1,1,2020
3.63,9.7,Negeri,Kota,3,254,L,Tidak,1,3,1,2020
2.56,8.88,Negeri,Kota,4,19,L,Tidak,3,0,0,2020
2.24,4.63,Negeri,Desa,3,57,L,Tidak,6,0,1,2020
3.39,6.78,Swasta,Desa,1,111,L,Ya,1,5,1,2020
3.26,9.53,Swasta,Kota,4,472,P,Tidak,0,2,1,2020
3.75,8.21,Swasta,Kota,3,312,L,Tidak,1,4,1,2020
3.47,14.84,Swasta,Desa,3,485,L,Tidak,4,3,1,2020
3.61,3.34,Negeri,Desa,4,460,L,Tidak,4,4,1,2020
2.56,10.88,Swasta,Kota,1,195,P,Tidak,2,4,1,2020
2.35,6.96,Negeri,Kota,3,374,P,Tidak,3,4,1,2020
3.5,7.28,Swasta,Kota,4,461,L,Ya,7,5,1,2020
3.61,11.19,Swasta,Desa,5,352,L,Tidak,5,4,1,2020
3.98,10.85,Swasta,Kota,5,91,L,Tidak,3,5,1,2020
2.83,14.88,Swasta,Kota,1,51,P,Tidak,6,0,0,2020
2.74,3.23,Negeri,Desa,4,292,P,Tidak,1,3,1,2020
3.55,2.91,Negeri,Kota,5,7,P,Ya,5,5,1,2020
2.68,11.28,Negeri,Kota,4,299,P,Tidak,5,2,1,2020
3.86,9.31,Negeri,Kota,3,97,L,Tidak,7,4,1,2020
3.72,5.2,Negeri,Kota,1,235,P,Tidak,7,2,1,2020
2.86,2.57,Swasta,Kota,5,388,P,Tidak,3,0,1,2020
3.5,2.66,Swasta,Kota,3,373,L,Tidak,5,0,1,2020
3.51,13.57,Negeri,Kota,0,68,L,Tidak,5,1,1,2020
2.21,4.09,Swasta,Kota,0,414,P,Tidak,4,4,1,2021
3.81,5.87,Swasta,Desa,1,44,P,Tidak,0,1,1,2021
3.01,4.56,Swasta,Desa,5,136,L,Ya,7,2,1,2021
3.65,6.29,Swasta,Kota,5,233,P,Tidak,1,3,1,2021
2.64,2.44,Negeri,Kota,5,31,P,Ya,3,1,1,2021
3.79,8.51,Swasta,Kota,4,288,L,Tidak,7,0,1,2021
2.78,2.41,Swasta,Kota,3,125,L,Tidak,4,4,1,2021
2.02,12.3,Negeri,Kota,5,66,L,Tidak,6,2,1,2021
3.81,4.66,Negeri,Desa,3,29,P,Tidak,7,5,1,2021
2.18,8.79,Swasta,Kota,1,113,L,Tidak,6,0,0,2021
2.64,13.38,Negeri,Kota,5,203,L,Tidak,2,5,1,2021
3.9,10.29,Swasta,Kota,1,28,P,Tidak,5,3,1,2021
3.9,8.69,Swasta,Desa,5,130,P,Tidak,5,4,1,2021
3.15,5.88,Negeri,Kota,0,473,L,Tidak,3,3,1,2021
3.26,6,Negeri,Kota,2,184,L,Tidak,0,3,1,2021
2.9,10.54,Swasta,Kota,1,252,P,Tidak,0,4,0,2021
2.59,14.92,Negeri,Desa,5,285,P,Tidak,3,4,1,2021
2.66,10.43,Negeri,Desa,2,392,P,Tidak,3,5,1,2021
3.35,9.03,Negeri,Kota,1,409,L,Tidak,4,3,1,2021
3.5,11.36,Negeri,Kota,4,385,P,Tidak,6,2,1,2021
3.58,7.78,Swasta,Kota,5,61,P,Tidak,3,5,1,2021
3.58,2.31,Negeri,Kota,4,2,P,Tidak,6,4,1,2021
2.18,9.09,Swasta,Desa,0,429,P,Tidak,7,0,0,2021
2.99,14.43,Negeri,Desa,5,67,L,Tidak,7,5,1,2021
2.12,3.87,Negeri,Desa,0,24,L,Tidak,2,1,1,2021
3.1,10.82,Swasta,Desa,2,178,P,Tidak,6,2,1,2021
2.88,4.21,Swasta,Kota,1,140,P,Tidak,4,5,1,2021
3.78,8.73,Negeri,Kota,3,230,P,Tidak,7,4,1,2021
2.7,2.81,Negeri,Desa,0,299,L,Tidak,5,4,1,2021
2.23,7.58,Negeri,Kota,3,162,P,Tidak,5,2,1,2021
2.29,11.71,Negeri,Desa,3,310,P,Tidak,7,1,1,2021
3.52,6.19,Swasta,Kota,1,470,L,Tidak,7,5,1,2021
3.24,10.48,Negeri,Kota,2,392,L,Tidak,7,5,1,2021
2.2,12.24,Negeri,Desa,1,129,P,Tidak,6,3,1,2021
2.17,14.02,Negeri,Kota,5,444,P,Tidak,5,0,0,2021
3.4,4.67,Swasta,Desa,0,245,P,Ya,5,4,1,2021
2.15,6.89,Swasta,Desa,3,296,P,Tidak,1,5,1,2021
3.64,3.56,Negeri,Desa,1,171,L,Tidak,7,5,1,2021
3.41,14.9,Swasta,Desa,1,63,L,Tidak,2,5,1,2021
2.16,14.01,Negeri,Kota,1,30,P,Tidak,7,1,1,2021
2.17,8.79,Negeri,Desa,0,491,P,Tidak,4,0,0,2021
3.97,12.87,Swasta,Kota,2,46,P,Tidak,4,5,1,2021
2.75,8.53,Swasta,Kota,1,129,P,Ya,5,2,1,2021
2.74,9.92,Swasta,Kota,0,351,L,Tidak,7,4,0,2021
3.63,2.7,Negeri,Kota,3,465,P,Tidak,0,3,1,2021
3.89,11.7,Negeri,Kota,5,332,L,Tidak,4,2,1,2021
3.97,3.22,Swasta,Kota,4,109,L,Tidak,7,4,1,2021
3.51,12.65,Negeri,Kota,0,68,L,Tidak,2,1,1,2021
2.75,12.06,Negeri,Desa,4,57,L,Tidak,3,0,0,2021
2.17,11.07,Negeri,Kota,1,105,L,Tidak,7,0,0,2021
3.55,1.99,Swasta,Desa,1,299,L,Tidak,2,4,1,2021
3.12,5.59,Negeri,Desa,0,329,L,Tidak,5,2,1,2021
2.85,5.05,Negeri,Desa,4,255,L,Tidak,5,3,1,2021
3.81,6.36,Swasta,Kota,1,311,P,Ya,1,1,1,2021
2.22,2.68,Negeri,Desa,3,170,L,Tidak,6,4,1,2021
2.99,14.15,Negeri,Kota,2,382,L,Ya,4,1,1,2021
2.02,8.98,Negeri,Desa,2,472,P,Tidak,6,0,0,2021
2.94,5.62,Negeri,Kota,1,161,P,Tidak,7,5,1,2021
2.11,6.86,Negeri,Desa,4,484,P,Tidak,6,5,1,2021
2.24,7.54,Negeri,Desa,5,285,L,Tidak,4,3,1,2021
2.24,9.61,Swasta,Kota,1,70,P,Tidak,4,1,1,2021
3.3,8.46,Negeri,Kota,5,254,L,Tidak,7,4,1,2021
3.49,13.91,Swasta,Desa,5,453,L,Ya,5,3,1,2021
3.17,8.21,Negeri,Kota,4,373,L,Tidak,4,2,1,2021
3.92,14.89,Negeri,Desa,5,54,P,Ya,0,5,1,2021
2.75,12.99,Negeri,Kota,3,322,L,Tidak,0,4,0,2021
2.57,4.31,Negeri,Kota,4,396,L,Tidak,3,1,1,2021
3.74,14.06,Swasta,Desa,1,2,L,Tidak,4,3,1,2021
2.45,3.07,Negeri,Desa,3,25,P,Tidak,1,4,1,2021
3.93,12.54,Negeri,Desa,0,312,P,Tidak,3,3,1,2021
2.02,6.64,Swasta,Kota,2,125,L,Tidak,5,3,1,2021
3.94,13.35,Swasta,Desa,1,407,P,Tidak,4,3,1,2021
2.09,13.22,Swasta,Kota,1,52,P,Ya,0,1,1,2021
3.78,12.38,Negeri,Kota,1,197,P,Ya,1,4,1,2021
3.06,12.17,Swasta,Desa,3,298,L,Tidak,7,0,0,2021
3.99,5.61,Negeri,Kota,0,187,P,Tidak,3,0,1,2021
2.15,2.59,Negeri,Kota,4,185,L,Tidak,1,1,1,2021
3.11,6.94,Negeri,Kota,0,304,P,Tidak,4,1,0,2021
3.94,3.84,Negeri,Desa,3,297,L,Tidak,2,5,1,2021
3.05,10.88,Negeri,Kota,1,203,L,Tidak,1,3,1,2021
3.26,6.17,Negeri,Desa,2,496,L,Tidak,1,4,1,2021
3.39,14.67,Swasta,Kota,1,483,P,Tidak,5,4,1,2021
2.91,10.15,Negeri,Kota,4,449,L,Tidak,0,2,0,2021
3.26,12.6,Negeri,Desa,5,10,P,Tidak,7,2,1,2021
3.17,3.29,Negeri,Kota,2,358,L,Tidak,4,0,1,2021
3.8,13.14,Swasta,Kota,1,353,P,Tidak,1,2,1,2021
2.09,13.96,Negeri,Kota,2,473,P,Tidak,4,2,1,2021
2.56,8.08,Negeri,Kota,5,145,P,Tidak,0,0,0,2021
3.9,9.68,Swasta,Desa,0,84,P,Tidak,5,5,1,2021
3.78,11.82,Swasta,Kota,3,99,P,Tidak,4,0,1,2021
2.91,3.86,Negeri,Desa,1,103,L,Tidak,6,2,1,2021
3.24,8.28,Swasta,Kota,4,435,P,Tidak,0,4,1,2021
2.55,6.88,Swasta,Kota,0,45,L,Tidak,0,2,0,2021
2.38,3.48,Swasta,Desa,1,43,P,Tidak,7,3,1,2021
2.93,6.46,Negeri,Kota,0,277,P,Tidak,3,3,0,2021
2.71,2.42,Swasta,Kota,4,180,L,Tidak,5,3,1,2021
3.17,1.85,Negeri,Kota,1,186,L,Tidak,5,5,1,2021
2.16,3.32,Negeri,Kota,5,477,L,Ya,7,1,1,2021
3.95,14.5,Negeri,Kota,5,113,P,Tidak,6,3,1,2021
3.97,8.92,Negeri,Kota,4,490,P,Tidak,4,4,1,2021
3.4,14.54,Negeri,Kota,2,254,P,Tidak,2,5,1,2021
3.07,7.34,Swasta,Kota,4,380,P,Tidak,6,1,1,2021
2.62,5.71,Negeri,Kota,2,379,P,Tidak,3,1,1,2021
3.63,8.33,Negeri,Kota,1,29,L,Tidak,5,3,1,2021
3.37,7.43,Negeri,Kota,2,263,L,Tidak,0,2,1,2021
2.33,2.93,Negeri,Desa,1,97,P,Tidak,5,0,1,2021
3.82,10.15,Swasta,Desa,1,312,P,Ya,6,2,1,2021
3.65,4.42,Negeri,Kota,3,366,P,Ya,2,2,1,2021
3.9,9.86,Negeri,Desa,1,328,L,Tidak,1,1,1,2021
3.45,10.28,Negeri,Kota,2,114,L,Tidak,1,1,1,2021
3.23,3.55,Negeri,Kota,3,275,L,Tidak,7,5,1,2021
2.84,2.33,Negeri,Kota,3,487,L,Tidak,5,5,1,2021
3.87,12.04,Swasta,Kota,1,280,L,Tidak,5,1,1,2021
3.73,7.71,Swasta,Kota,4,274,P,Tidak,3,4,1,2021
2.09,2.29,Negeri,Kota,4,260,L,Tidak,5,4,1,2021
2.05,14.93,Swasta,Kota,5,330,P,Tidak,2,0,0,2021
2.75,2.28,Swasta,Desa,3,206,L,Ya,5,1,1,2021
3.62,10.88,Swasta,Kota,1,383,P,Tidak,4,3,1,2021
3.97,14.78,Negeri,Kota,4,327,L,Tidak,6,5,1,2021
2.3,4.73,Negeri,Desa,1,210,L,Tidak,7,1,1,2021
3.19,3.42,Negeri,Kota,1,214,L,Tidak,2,4,1,2021
2.76,3.14,Swasta,Kota,3,410,P,Tidak,3,1,1,2021
3.94,5.59,Swasta,Desa,5,39,P,Tidak,4,4,1,2021
3.68,2.86,Negeri,Desa,3,479,L,Tidak,4,1,1,2021
3.68,10.84,Negeri,Desa,0,25,L,Tidak,6,3,1,2021
2.94,2.34,Swasta,Desa,4,26,P,Tidak,1,0,1,2021
2.83,8.38,Swasta,Desa,4,189,L,Tidak,2,3,1,2021
2.55,14.96,Swasta,Desa,4,82,L,Tidak,6,4,1,2021
2.11,12.49,Swasta,Kota,2,383,P,Tidak,4,5,1,2021
3.73,9.81,Negeri,Kota,1,433,P,Tidak,3,5,1,2021
3.63,5.63,Negeri,Kota,3,169,L,Tidak,6,2,1,2021
4,9.92,Swasta,Kota,4,412,L,Tidak,1,3,1,2021
3.99,8.62,Negeri,Desa,0,166,P,Tidak,4,1,1,2021
3.11,7.25,Negeri,Kota,4,187,L,Tidak,6,0,0,2021
3.54,3.26,Swasta,Kota,5,168,L,Tidak,2,1,1,2021
3.89,13.47,Negeri,Kota,1,288,P,Tidak,1,1,1,2021
3.7,7.57,Swasta,Desa,1,466,P,Tidak,2,3,1,2021
2.49,4.13,Negeri,Kota,3,228,L,Tidak,2,0,1,2021
2.9,6.46,Swasta,Desa,2,466,P,Tidak,2,2,1,2021
2.26,7.09,Negeri,Kota,3,96,P,Tidak,6,1,1,2021
3.91,12.67,Negeri,Kota,4,366,L,Tidak,1,0,1,2021
3.21,11.4,Swasta,Kota,5,15,P,Tidak,6,2,1,2021
2.46,11.89,Negeri,Kota,0,278,L,Tidak,6,1,0,2021
3.34,1.65,Swasta,Desa,3,134,L,Tidak,6,0,1,2021
3.24,7.12,Swasta,Desa,2,25,P,Ya,4,3,1,2021
2.72,8,Negeri,Kota,3,351,L,Tidak,5,5,1,2021
2.23,1.76,Negeri,Kota,1,11,L,Ya,0,5,1,2021
3.34,5.01,Negeri,Kota,4,71,L,Tidak,4,1,1,2021
3.04,11.76,Negeri,Desa,4,132,L,Tidak,1,1,1,2021
3.54,3.35,Swasta,Desa,4,105,P,Tidak,0,0,1,2021
3.04,8.73,Swasta,Kota,4,219,P,Tidak,0,5,0,2021
3.7,4.41,Swasta,Kota,4,372,P,Tidak,0,1,1,2021
3.1,1.66,Swasta,Desa,4,452,L,Ya,5,2,1,2021
3.12,4.76,Negeri,Kota,0,176,L,Tidak,6,1,1,2021
3.75,14.67,Swasta,Kota,2,281,L,Tidak,7,5,1,2021
2.81,12.32,Swasta,Kota,4,132,L,Tidak,3,4,1,2021
2.27,14.45,Swasta,Kota,2,21,L,Tidak,1,5,1,2021
2.06,8.09,Swasta,Desa,5,462,P,Tidak,7,2,1,2021
3.51,2.98,Negeri,Desa,4,268,P,Ya,5,0,1,2021
3.24,8.9,Swasta,Kota,3,411,P,Tidak,5,2,1,2021
3.41,7.63,Negeri,Kota,4,160,L,Ya,3,4,1,2021
2.43,12.9,Negeri,Kota,1,106,P,Tidak,0,4,0,2021
2.27,2.82,Negeri,Kota,0,278,L,Tidak,6,1,1,2021
2.03,8.09,Swasta,Kota,3,352,L,Tidak,3,1,1,2021
2.7,3.53,Swasta,Kota,3,234,P,Tidak,7,5,1,2021
3.18,5.88,Swasta,Kota,1,17,P,Tidak,7,3,1,2021
2.78,11.45,Swasta,Kota,4,241,L,Tidak,3,2,1,2021
2.87,7.93,Negeri,Kota,0,116,L,Tidak,5,5,0,2021
3.81,6.57,Swasta,Kota,3,285,L,Tidak,1,3,1,2021
2.7,6.83,Negeri,Kota,0,281,P,Tidak,2,5,0,2021
3.03,7.7,Negeri,Kota,3,143,L,Tidak,6,4,1,2021
3.57,12.1,Negeri,Desa,4,204,P,Tidak,7,1,1,2021
2.79,13.54,Swasta,Kota,5,38,L,Tidak,7,1,1,2021
3.24,14.4,Swasta,Kota,3,416,L,Tidak,3,5,1,2021
3.72,12.12,Negeri,Desa,5,153,P,Tidak,6,1,1,2021
3.9,5.76,Negeri,Desa,3,175,P,Tidak,3,0,1,2021
2.29,10.79,Swasta,Kota,2,448,L,Tidak,0,5,0,2021
3.85,7.41,Negeri,Desa,4,240,P,Tidak,6,4,1,2021
2.98,4.94,Swasta,Kota,1,421,P,Tidak,0,5,1,2021
2.52,12.85,Swasta,Kota,5,385,P,Tidak,7,5,1,2021
2.92,2.02,Negeri,Kota,1,368,P,Tidak,5,1,1,2021
3.96,13.67,Negeri,Desa,4,133,P,Tidak,0,4,1,2021
2.99,7.73,Swasta,Desa,1,45,P,Tidak,6,5,1,2021
2.66,10.1,Swasta,Kota,4,49,P,Tidak,4,1,1,2021
3.27,10.4,Negeri,Kota,1,165,L,Tidak,6,2,1,2021
2.48,13.58,Swasta,Kota,5,105,L,Tidak,3,4,1,2021
2.15,10.1,Negeri,Kota,2,215,L,Tidak,0,3,0,2021
2.26,9.79,Negeri,Kota,1,145,L,Tidak,1,0,0,2021
2.26,2.4,Swasta,Desa,5,410,L,Tidak,4,3,1,2021
2.3,8.5,Swasta,Desa,3,424,P,Tidak,5,4,1,2021
2.28,3.53,Negeri,Desa,4,71,L,Tidak,2,5,1,2021
3.28,11.46,Swasta,Desa,0,475,L,Tidak,3,1,1,2021
2.36,8.41,Negeri,Kota,0,329,P,Tidak,3,4,0,2021
2.69,10.68,Negeri,Desa,4,272,L,Tidak,1,0,0,2021
3.79,2.06,Negeri,Kota,2,246,L,Tidak,2,4,1,2021
2.95,2.64,Swasta,Kota,1,445,L,Tidak,7,1,1,2021
3.34,11.17,Negeri,Kota,2,412,L,Tidak,2,3,1,2021
2.34,2.47,Negeri,Kota,0,185,L,Tidak,5,2,1,2021
2.38,2.46,Negeri,Kota,5,69,P,Tidak,5,3,1,2021
2.08,1.66,Swasta,Kota,4,461,P,Tidak,4,1,1,2021
2.34,14.41,Swasta,Desa,4,149,L,Tidak,7,1,1,2022
2.56,11.46,Swasta,Kota,2,245,L,Tidak,3,0,0,2022
2.35,6.27,Negeri,Kota,5,261,L,Ya,0,4,1,2022
2.18,5.5,Swasta,Desa,2,25,P,Tidak,5,4,1,2022
2.24,6.22,Negeri,Kota,1,422,L,Tidak,1,3,1,2022
2.92,11.96,Swasta,Kota,3,139,L,Tidak,1,2,1,2022
2.41,10.43,Swasta,Kota,5,98,P,Tidak,1,2,1,2022
2.73,4,Negeri,Kota,3,397,L,Tidak,6,0,1,2022
3.01,3.85,Swasta,Kota,1,277,L,Tidak,7,1,1,2022
3.38,2.83,Negeri,Kota,3,50,L,Tidak,7,0,1,2022
2.08,10.41,Negeri,Kota,0,150,P,Tidak,5,4,0,2022
3.6,11.82,Negeri,Kota,3,431,P,Tidak,5,5,1,2022
3.26,5.08,Negeri,Kota,1,454,P,Tidak,1,5,1,2022
2.16,1.78,Negeri,Kota,3,103,P,Tidak,7,5,1,2022
3.75,2.61,Swasta,Kota,4,433,P,Tidak,7,1,1,2022
3.84,14.57,Negeri,Desa,2,88,P,Tidak,5,0,1,2022
2.12,5.49,Swasta,Kota,0,140,P,Tidak,6,3,1,2022
2.55,11.88,Negeri,Kota,4,212,L,Tidak,0,4,0,2022
3.61,9.93,Negeri,Desa,4,232,P,Tidak,0,5,1,2022
3.5,6.66,Swasta,Kota,1,393,L,Tidak,4,2,1,2022
2.37,4.28,Negeri,Kota,2,500,L,Tidak,7,0,1,2022
2.42,3.14,Negeri,Kota,2,182,P,Tidak,3,4,1,2022
2.74,9.8,Swasta,Desa,5,250,L,Tidak,0,4,0,2022
2.97,11.96,Negeri,Desa,0,8,P,Tidak,4,2,0,2022
3.24,10.19,Negeri,Kota,1,78,L,Tidak,2,2,1,2022
2.74,8.66,Negeri,Desa,0,51,P,Tidak,3,2,0,2022
2.93,2.07,Swasta,Kota,5,385,P,Tidak,7,5,1,2022
3.49,14.57,Swasta,Kota,3,408,P,Tidak,0,5,1,2022
2.07,12.28,Swasta,Kota,4,268,L,Tidak,6,0,0,2022
2.5,5.45,Swasta,Kota,0,225,L,Tidak,2,2,1,2022
3.43,14.73,Negeri,Desa,4,50,P,Tidak,4,3,1,2022
3.79,9.63,Negeri,Kota,1,185,L,Tidak,0,4,1,2022
3.02,9.36,Swasta,Kota,3,33,P,Tidak,7,2,1,2022
3.06,11.6,Negeri,Desa,1,290,P,Tidak,0,4,0,2022
2.21,12.46,Negeri,Kota,3,229,L,Tidak,5,1,1,2022
2.89,10.36,Negeri,Kota,3,130,L,Ya,2,1,1,2022
3.07,3.23,Negeri,Kota,4,489,L,Tidak,0,2,1,2022
2.48,6.07,Swasta,Desa,1,119,P,Tidak,1,4,1,2022
2.54,14.03,Negeri,Desa,1,442,L,Tidak,6,1,1,2022
2.75,4.53,Negeri,Kota,0,325,L,Tidak,5,2,1,2022
2.04,6.52,Negeri,Desa,1,246,L,Ya,5,4,1,2022
2.64,7.33,Swasta,Kota,0,431,P,Tidak,0,2,0,2022
2.42,7.43,Negeri,Desa,2,191,L,Tidak,6,5,1,2022
2.65,9.77,Negeri,Kota,2,496,L,Tidak,5,4,1,2022
2.24,14.23,Swasta,Kota,2,402,P,Tidak,3,1,1,2022
3.78,4.75,Swasta,Desa,5,322,P,Tidak,2,2,1,2022
3.19,3.14,Negeri,Kota,1,209,P,Tidak,3,1,1,2022
3.36,4.17,Negeri,Kota,5,102,L,Tidak,4,2,1,2022
3.58,13.47,Negeri,Kota,1,328,L,Tidak,3,0,1,2022
3,10.22,Negeri,Desa,0,371,P,Tidak,6,1,0,2022
2.17,5.36,Negeri,Kota,5,459,L,Tidak,1,1,1,2022
3.07,12.52,Negeri,Kota,5,132,P,Tidak,5,3,1,2022
3.17,13.13,Negeri,Kota,5,322,P,Tidak,6,5,1,2022
3.49,12.93,Negeri,Kota,3,138,L,Tidak,5,1,1,2022
2.86,13.91,Swasta,Kota,0,120,P,Tidak,7,4,0,2022
2.26,4.91,Swasta,Desa,2,93,P,Tidak,1,2,1,2022
2.57,11.69,Swasta,Desa,0,451,L,Tidak,5,0,0,2022
2.73,7.72,Negeri,Kota,3,452,P,Tidak,3,4,1,2022
3.29,12.87,Negeri,Kota,1,128,L,Ya,7,4,1,2022
3.14,11.33,Swasta,Kota,0,90,L,Tidak,7,4,0,2022
2.71,11.98,Negeri,Kota,5,91,L,Tidak,4,4,1,2022
3.97,10.36,Negeri,Desa,2,62,P,Tidak,7,0,1,2022
3.21,3.9,Negeri,Kota,2,28,P,Tidak,7,3,1,2022
2.47,8.86,Swasta,Kota,1,209,P,Tidak,0,5,0,2022
2.2,14.79,Swasta,Desa,0,11,L,Tidak,1,1,0,2022
2.31,14.15,Negeri,Kota,3,332,P,Tidak,3,4,1,2022
2.49,2.08,Negeri,Kota,1,296,L,Tidak,6,1,1,2022
2.32,3.73,Swasta,Kota,0,129,P,Tidak,3,1,1,2022
2.37,3.28,Negeri,Desa,4,292,L,Tidak,3,4,1,2022
2.57,11.3,Swasta,Desa,2,172,L,Tidak,0,3,0,2022
2.35,12.54,Swasta,Kota,3,207,L,Tidak,2,1,1,2022
3.79,4.38,Swasta,Desa,5,431,P,Tidak,5,2,1,2022
2.16,8.33,Negeri,Kota,3,23,L,Tidak,5,1,1,2022
3.05,12.85,Negeri,Kota,5,98,P,Tidak,6,5,1,2022
2.82,11.39,Negeri,Kota,3,405,L,Tidak,7,4,1,2022
3.96,8.82,Swasta,Kota,2,355,L,Tidak,4,0,1,2022
2.22,9.47,Swasta,Kota,5,138,L,Tidak,6,1,1,2022
2.8,8.36,Negeri,Kota,0,313,P,Tidak,2,3,0,2022
3.94,5.52,Negeri,Kota,5,173,P,Tidak,5,2,1,2022
3.73,9.13,Swasta,Kota,1,28,L,Tidak,4,2,1,2022
3.63,10.8,Swasta,Kota,0,418,L,Tidak,6,0,0,2022
2.52,13.29,Swasta,Desa,1,495,L,Ya,4,5,1,2022
2.34,10.09,Negeri,Kota,3,142,P,Tidak,3,0,0,2022
3.34,11.78,Negeri,Kota,0,315,L,Tidak,1,5,1,2022
3.86,3.66,Swasta,Kota,3,350,P,Tidak,3,1,1,2022
3.11,7.73,Swasta,Kota,4,41,P,Tidak,0,4,0,2022
3.14,1.63,Negeri,Desa,3,488,L,Tidak,7,3,1,2022
2.56,4.83,Negeri,Kota,3,298,P,Tidak,5,2,1,2022
3.54,11.31,Negeri,Kota,1,207,P,Tidak,4,0,1,2022
2.37,14.89,Negeri,Desa,5,329,P,Tidak,6,3,1,2022
2.65,2.84,Negeri,Kota,4,432,L,Tidak,7,5,1,2022
2.85,6.92,Swasta,Kota,3,191,L,Tidak,1,4,1,2022
3.02,12.3,Negeri,Kota,3,159,L,Tidak,6,2,1,2022
2.48,4.25,Swasta,Desa,4,63,L,Tidak,5,2,1,2022
2.23,8.99,Negeri,Kota,4,242,L,Tidak,4,5,1,2022
3.22,11.4,Swasta,Kota,0,257,L,Tidak,4,4,1,2022
2.58,9.82,Swasta,Kota,1,151,P,Ya,3,2,1,2022
3.16,4.04,Negeri,Kota,4,214,L,Tidak,1,4,1,2022
2.31,6.3,Negeri,Kota,4,321,L,Tidak,1,2,1,2022
2.96,12.08,Negeri,Kota,2,165,L,Tidak,5,1,1,2022
3.07,8.98,Negeri,Kota,5,30,P,Tidak,4,5,1,2022
2.1,1.57,Swasta,Desa,4,370,P,Tidak,7,4,1,2022
2.67,11.77,Swasta,Desa,1,231,P,Tidak,1,3,1,2022
2.27,1.98,Negeri,Kota,5,281,L,Tidak,1,1,1,2022
2.13,11.57,Negeri,Desa,5,28,P,Tidak,6,3,1,2022
3.98,4.23,Negeri,Kota,3,194,L,Tidak,5,5,1,2022
2.64,14.43,Swasta,Kota,3,333,L,Tidak,3,2,1,2022
3.62,6.47,Negeri,Kota,3,255,L,Tidak,6,3,1,2022
2.51,5.91,Negeri,Desa,3,280,L,Tidak,6,1,1,2022
3.36,3.51,Swasta,Desa,2,303,L,Tidak,2,4,1,2022
3.52,5.63,Swasta,Kota,4,320,P,Tidak,0,0,1,2022
3.19,13.33,Negeri,Desa,3,436,P,Tidak,2,3,1,2022
2.94,14.95,Swasta,Kota,0,322,L,Tidak,1,0,0,2022
2.82,6.47,Negeri,Desa,3,345,P,Tidak,4,5,1,2022
2.7,7.56,Negeri,Desa,4,401,L,Tidak,0,3,0,2022
3.86,11.25,Swasta,Kota,3,392,L,Tidak,0,3,1,2022
3.66,13.46,Swasta,Desa,2,293,P,Tidak,4,4,1,2022
3.93,9.51,Negeri,Kota,1,86,P,Tidak,0,2,1,2022
2.25,6.79,Negeri,Kota,1,148,L,Ya,4,1,1,2022
3.46,7.07,Negeri,Kota,4,248,L,Tidak,0,1,1,2022
3.88,10.89,Negeri,Kota,1,320,P,Tidak,6,1,1,2022
2.36,1.54,Negeri,Desa,1,404,P,Tidak,7,5,1,2022
2.13,9.86,Negeri,Desa,0,282,P,Tidak,5,2,0,2022
3.48,6.3,Negeri,Kota,4,361,L,Tidak,5,0,1,2022
3.15,12.22,Swasta,Desa,4,378,L,Tidak,2,1,1,2022
3.68,2.76,Swasta,Desa,1,197,L,Tidak,6,0,1,2022
2.28,9.44,Swasta,Kota,1,43,L,Tidak,0,2,0,2022
3.59,7.99,Negeri,Desa,1,355,P,Tidak,3,5,1,2022
2.4,10.17,Swasta,Kota,5,27,L,Ya,4,2,1,2022
2.33,2.38,Swasta,Desa,2,428,L,Tidak,6,4,1,2022
2.33,9.33,Swasta,Kota,3,16,P,Tidak,0,1,0,2022
3.63,9.08,Swasta,Kota,2,126,P,Tidak,5,5,1,2022
3.33,9.07,Swasta,Kota,4,378,L,Tidak,5,4,1,2022
3.05,9.65,Negeri,Kota,0,167,P,Tidak,4,1,0,2022
2.72,10.63,Negeri,Kota,3,243,P,Tidak,3,2,1,2022
3.75,12.37,Swasta,Kota,0,386,P,Tidak,0,2,0,2022
2.78,5.14,Swasta,Kota,5,75,L,Tidak,0,3,1,2022
3.63,12.64,Swasta,Desa,4,230,P,Tidak,3,3,1,2022
2.88,8.23,Negeri,Kota,5,203,P,Ya,3,2,1,2022
2.75,2.54,Negeri,Kota,4,449,L,Tidak,3,2,1,2022
2.93,2.29,Negeri,Kota,0,247,L,Tidak,5,0,0,2022
2.6,6.01,Swasta,Kota,0,301,P,Tidak,4,0,0,2022
3.5,12.1,Negeri,Desa,0,213,L,Tidak,6,4,1,2022
3.01,11.05,Negeri,Desa,4,214,P,Tidak,7,3,1,2022
2.46,12.15,Negeri,Kota,1,157,L,Tidak,3,3,1,2022
3.8,8.48,Negeri,Kota,0,68,L,Tidak,4,2,1,2022
2.77,7.44,Swasta,Desa,5,392,L,Tidak,2,2,1,2022
3.09,3.49,Swasta,Kota,3,84,P,Tidak,0,4,1,2022
3.81,5.93,Swasta,Desa,4,266,L,Tidak,0,5,1,2022
3.25,7.36,Negeri,Kota,5,68,P,Tidak,7,5,1,2022
2.23,2.7,Swasta,Desa,2,98,P,Tidak,7,5,1,2022
3.88,4.48,Negeri,Kota,2,346,P,Tidak,1,3,1,2022
3.26,9.58,Swasta,Kota,3,496,P,Tidak,2,0,1,2022
2.67,11.43,Negeri,Desa,1,449,P,Tidak,6,5,1,2022
2.28,14.98,Negeri,Kota,0,215,L,Tidak,7,1,0,2022
3.59,14.1,Swasta,Kota,4,414,P,Tidak,3,4,1,2022
3.24,10.17,Swasta,Kota,5,160,P,Tidak,3,5,1,2022
3.07,7.19,Negeri,Kota,0,422,L,Tidak,6,1,0,2022
3.79,10.09,Swasta,Kota,5,93,L,Tidak,5,5,1,2022
3.58,12.11,Negeri,Kota,4,173,P,Ya,2,0,1,2022
2.3,3.1,Negeri,Kota,2,164,L,Tidak,3,0,1,2022
2.62,7.03,Negeri,Kota,0,114,P,Tidak,7,5,0,2022
2.5,12.84,Negeri,Desa,3,219,L,Tidak,1,1,1,2022
3.49,6.68,Negeri,Kota,1,443,L,Tidak,4,4,1,2022
2.07,9.22,Negeri,Kota,3,30,P,Tidak,0,1,0,2022
3.14,9.43,Negeri,Desa,1,10,L,Tidak,2,4,1,2022
3.52,3.99,Swasta,Kota,5,342,L,Tidak,0,5,1,2022
3.75,6.39,Negeri,Kota,0,376,P,Tidak,4,4,1,2022
2.68,6.02,Swasta,Kota,0,129,L,Tidak,2,2,0,2022
3.64,1.85,Negeri,Kota,1,487,P,Tidak,7,3,1,2022
2.22,1.83,Swasta,Kota,2,104,P,Tidak,4,3,1,2022
3.69,12.73,Negeri,Kota,4,26,P,Ya,3,0,1,2022
2.25,5.19,Negeri,Kota,3,226,L,Tidak,6,2,1,2022
2.79,8.49,Negeri,Kota,5,1,L,Ya,3,3,1,2022
3.59,5.53,Negeri,Kota,3,358,P,Tidak,7,5,1,2022
2.3,14.2,Negeri,Kota,3,100,P,Ya,6,4,1,2022
2.46,5,Swasta,Kota,5,20,P,Tidak,3,4,1,2022
3.44,7.3,Swasta,Desa,5,57,P,Tidak,4,1,1,2022
3.44,13.28,Swasta,Kota,0,388,L,Tidak,4,1,1,2022
3.28,12.87,Swasta,Kota,3,179,L,Tidak,4,4,1,2022
3.39,4.01,Negeri,Kota,4,428,L,Tidak,0,5,1,2022
3.09,12.34,Negeri,Kota,4,340,L,Tidak,7,4,1,2022
2.5,7.69,Negeri,Kota,1,348,L,Tidak,4,1,1,2022
2.69,8.02,Negeri,Kota,5,19,P,Tidak,3,3,1,2022
2.36,3.3,Negeri,Desa,0,254,L,Tidak,1,0,0,2022
3.82,2.59,Negeri,Kota,4,316,L,Tidak,7,1,1,2022
3.17,11.33,Negeri,Desa,2,37,L,Tidak,4,5,1,2022
2.8,8.2,Negeri,Kota,0,147,P,Tidak,1,3,0,2022
2.92,7.4,Swasta,Kota,0,497,P,Tidak,6,3,0,2022
3.89,11.35,Swasta,Kota,4,24,P,Tidak,3,3,1,2022
2.31,11.83,Negeri,Kota,2,385,P,Tidak,4,2,1,2022
3.17,3.65,Swasta,Kota,1,120,L,Tidak,0,2,1,2022
3.01,9.74,Swasta,Kota,4,415,P,Ya,0,3,1,2022
3.22,3.33,Negeri,Kota,2,25,L,Tidak,6,5,1,2022
2.04,11.64,Negeri,Desa,0,453,L,Tidak,1,4,0,2022
3.74,10.37,Negeri,Desa,2,168,P,Tidak,5,5,1,2022
3.86,14.41,Swasta,Kota,0,322,P,Tidak,0,2,0,2022
3.13,2.43,Swasta,Kota,4,224,L,Tidak,7,1,1,2022
3.39,2.27,Negeri,Kota,5,0,L,Tidak,0,2,1,2022
3.84,5.31,Negeri,Kota,4,306,P,Tidak,0,4,1,2022
3.41,5.03,Negeri,Kota,3,260,L,Ya,3,0,1,2023
2.31,4.83,Negeri,Kota,3,12,L,Tidak,0,2,1,2023
3.15,13.73,Negeri,Kota,3,402,L,Tidak,2,5,1,2023
3.21,4.87,Swasta,Kota,4,395,L,Tidak,4,5,1,2023
2.85,5.17,Swasta,Desa,1,47,P,Tidak,6,3,1,2023
3.47,11.75,Swasta,Desa,4,408,L,Ya,0,3,1,2023
3.87,7.57,Swasta,Desa,5,312,L,Tidak,5,3,1,2023
3.85,11.99,Swasta,Kota,2,370,P,Tidak,7,0,1,2023
2.9,2.38,Negeri,Kota,4,290,P,Tidak,5,4,1,2023
2.23,8.08,Swasta,Kota,4,331,L,Tidak,0,1,0,2023
3.97,1.95,Negeri,Kota,0,93,L,Tidak,0,5,1,2023
3.68,2.35,Swasta,Kota,0,260,L,Tidak,2,5,1,2023
2.25,13.74,Negeri,Desa,0,481,P,Tidak,0,4,0,2023
3.84,3.38,Swasta,Kota,4,277,P,Tidak,0,0,1,2023
3.74,8.69,Negeri,Kota,1,358,P,Tidak,4,3,1,2023
3.04,7.05,Negeri,Kota,2,204,P,Tidak,5,4,1,2023
3.18,6.19,Negeri,Kota,2,184,P,Tidak,2,1,1,2023
2.8,13.65,Negeri,Kota,5,174,P,Tidak,5,3,1,2023
2.11,1.79,Swasta,Kota,1,437,P,Tidak,2,1,1,2023
2.67,10.46,Swasta,Kota,1,386,L,Tidak,5,2,1,2023
3.61,14.51,Negeri,Kota,2,379,P,Tidak,0,1,1,2023
2.01,9.06,Negeri,Desa,3,308,L,Tidak,5,3,1,2023
2.67,14.15,Negeri,Kota,0,467,L,Tidak,5,2,0,2023
2.8,2.21,Negeri,Desa,0,414,P,Tidak,2,3,1,2023
3.07,7.15,Negeri,Kota,2,68,L,Tidak,6,5,1,2023
3.84,5.01,Swasta,Kota,1,471,P,Tidak,1,3,1,2023
2.69,11.37,Negeri,Kota,5,103,P,Tidak,2,2,1,2023
2.69,14.75,Negeri,Kota,3,245,L,Tidak,2,1,1,2023
3.48,4.96,Negeri,Kota,2,160,P,Tidak,2,5,1,2023
2.9,10.33,Negeri,Desa,0,199,L,Tidak,3,0,0,2023
2.45,4.17,Negeri,Desa,4,215,L,Tidak,6,0,1,2023
2.9,9.13,Swasta,Kota,1,433,P,Tidak,3,0,0,2023
2.28,7.76,Negeri,Kota,4,211,P,Tidak,3,0,0,2023
2.35,14.62,Negeri,Desa,5,15,P,Tidak,2,4,1,2023
3,9.72,Negeri,Kota,2,497,L,Tidak,1,0,0,2023
2.84,6.22,Negeri,Kota,0,371,P,Ya,2,2,1,2023
3.83,3.04,Negeri,Kota,3,331,L,Tidak,0,0,1,2023
2.72,3.54,Swasta,Desa,4,204,P,Tidak,1,3,1,2023
3.16,4.54,Swasta,Desa,3,364,L,Tidak,3,0,1,2023
3.26,4.89,Negeri,Kota,5,489,P,Tidak,7,1,1,2023
2.03,12.98,Negeri,Desa,0,38,L,Tidak,5,2,0,2023
3.33,9.08,Negeri,Desa,4,88,L,Tidak,5,2,1,2023
2.36,8.57,Negeri,Kota,5,429,P,Tidak,6,5,1,2023
3.92,3.05,Swasta,Kota,3,255,P,Tidak,7,4,1,2023
2.3,13.11,Swasta,Kota,3,479,P,Tidak,4,3,1,2023
2.83,11.26,Negeri,Desa,4,253,P,Ya,6,2,1,2023
2.17,2.41,Negeri,Kota,0,215,P,Tidak,1,1,1,2023
3.99,11.06,Negeri,Desa,3,367,P,Tidak,3,0,1,2023
3,8.84,Swasta,Kota,2,302,L,Tidak,1,2,1,2023
3.19,2.6,Swasta,Desa,5,171,P,Tidak,1,1,1,2023
2.13,7.69,Negeri,Kota,4,136,L,Tidak,5,0,0,2023
3.5,8.04,Negeri,Kota,1,487,P,Tidak,2,4,1,2023
2.42,3.74,Swasta,Desa,1,497,P,Tidak,0,2,1,2023
3.8,14.27,Negeri,Desa,0,470,P,Tidak,4,2,1,2023
2.41,12.97,Negeri,Desa,2,383,P,Tidak,3,1,1,2023
2.38,10.53,Negeri,Kota,3,177,P,Tidak,1,5,1,2023
2.07,7.74,Swasta,Desa,1,76,P,Ya,4,3,1,2023
2.94,7.06,Negeri,Kota,0,187,L,Tidak,1,4,0,2023
3.13,10.29,Negeri,Kota,5,479,P,Ya,7,3,1,2023
2.13,8.86,Swasta,Kota,2,497,L,Tidak,5,2,1,2023
3.55,2.34,Negeri,Kota,2,14,P,Tidak,0,3,1,2023
2.91,8.42,Negeri,Kota,0,291,L,Tidak,5,0,0,2023
3.05,12.39,Negeri,Desa,0,496,L,Tidak,4,4,0,2023
2.88,7.7,Negeri,Kota,3,318,L,Tidak,3,3,1,2023
2.8,2.2,Swasta,Desa,0,324,L,Tidak,1,0,0,2023
3.12,12.11,Negeri,Kota,3,213,P,Ya,0,1,1,2023
2.31,4.22,Negeri,Kota,3,207,L,Tidak,7,3,1,2023
2.36,4.99,Negeri,Kota,4,168,P,Tidak,5,4,1,2023
3.72,3.72,Swasta,Desa,2,329,L,Tidak,7,0,1,2023
3.89,5.96,Swasta,Desa,5,279,P,Tidak,4,3,1,2023
2.75,11.72,Negeri,Desa,2,465,P,Tidak,5,1,1,2023
2.54,8.51,Negeri,Desa,2,304,P,Tidak,1,3,1,2023
3.29,4.27,Swasta,Kota,4,145,P,Ya,1,0,1,2023
2.82,13.35,Negeri,Kota,3,262,L,Tidak,7,3,1,2023
2.05,13.37,Swasta,Desa,3,3,P,Tidak,3,4,1,2023
2.31,13.25,Swasta,Kota,0,89,L,Tidak,0,2,0,2023
3.43,4.72,Swasta,Kota,4,452,P,Tidak,2,0,1,2023
3.32,7.59,Negeri,Kota,0,59,P,Tidak,5,0,0,2023
2.05,14.8,Negeri,Kota,4,310,L,Tidak,1,0,0,2023
2.44,11.92,Swasta,Kota,0,15,P,Tidak,4,0,0,2023
2.46,1.87,Negeri,Kota,1,226,P,Ya,5,3,1,2023
3.34,2.38,Negeri,Kota,2,473,L,Ya,3,4,1,2023
2.04,7.76,Swasta,Kota,2,465,L,Tidak,3,1,1,2023
2.21,13.77,Swasta,Kota,5,28,L,Tidak,1,4,1,2023
3.6,8.77,Negeri,Kota,3,150,P,Tidak,1,0,1,2023
2.36,8.22,Negeri,Desa,5,244,P,Ya,7,5,1,2023
3.31,2.92,Negeri,Kota,1,269,L,Tidak,1,3,1,2023
2.48,10.37,Swasta,Kota,5,78,L,Tidak,7,5,1,2023
2.2,12.6,Swasta,Desa,2,432,P,Tidak,6,3,1,2023
2.49,6.64,Negeri,Kota,3,288,P,Tidak,2,0,0,2023
3.44,11.97,Negeri,Kota,1,152,L,Tidak,1,3,1,2023
3.71,14.52,Swasta,Desa,2,276,L,Ya,5,0,1,2023
3.66,4.25,Negeri,Kota,0,400,P,Tidak,5,4,1,2023
2.79,8.56,Negeri,Desa,4,278,L,Tidak,7,2,1,2023
3.34,5.38,Swasta,Desa,1,56,L,Tidak,6,3,1,2023
2.41,12.2,Negeri,Kota,3,490,P,Tidak,6,0,0,2023
2.59,9.3,Swasta,Kota,5,464,P,Tidak,0,5,0,2023
3.79,10.07,Negeri,Kota,5,185,L,Ya,4,0,1,2023
2.03,12.27,Negeri,Kota,1,397,L,Tidak,1,5,1,2023
2.17,6.85,Swasta,Kota,3,92,L,Tidak,7,3,1,2023
2.42,13.85,Negeri,Kota,1,275,L,Tidak,5,1,1,2023
2.05,8.7,Swasta,Kota,3,157,P,Tidak,6,5,1,2023
2.36,3.63,Negeri,Kota,5,274,L,Tidak,5,0,1,2023
3.17,10.89,Negeri,Kota,2,180,P,Tidak,5,3,1,2023
2.84,12.21,Negeri,Kota,0,358,P,Tidak,6,0,0,2023
3.79,5.78,Negeri,Kota,2,439,L,Ya,2,1,1,2023
3.63,13.07,Negeri,Desa,0,76,L,Tidak,6,2,1,2023
2.68,13.73,Negeri,Kota,5,465,P,Tidak,6,1,1,2023
2.52,5.24,Negeri,Kota,2,150,P,Tidak,4,4,1,2023
2.76,14.78,Negeri,Desa,2,445,P,Tidak,7,3,1,2023
3.18,3.4,Swasta,Kota,1,237,L,Tidak,7,1,1,2023
2.54,4.23,Swasta,Kota,4,288,P,Tidak,6,2,1,2023
3.25,3.99,Swasta,Kota,5,230,P,Tidak,3,0,1,2023
2.82,13.57,Negeri,Kota,3,487,P,Tidak,7,3,1,2023
3.1,10.33,Negeri,Kota,5,17,L,Tidak,7,5,1,2023
2.87,3.55,Swasta,Kota,3,72,P,Tidak,7,1,1,2023
2.59,7.44,Negeri,Kota,3,416,P,Tidak,6,2,1,2023
3.9,9.81,Negeri,Desa,0,415,L,Ya,5,1,1,2023
3.53,2.63,Swasta,Kota,3,188,P,Tidak,1,4,1,2023
2.28,13.41,Swasta,Kota,3,437,L,Tidak,5,3,1,2023
3.74,12.35,Negeri,Desa,1,16,L,Tidak,4,0,1,2023
2.97,8.32,Negeri,Kota,2,18,L,Tidak,3,2,1,2023
3.79,14.56,Swasta,Desa,5,218,P,Tidak,6,1,1,2023
3.6,7.14,Negeri,Kota,5,325,L,Tidak,2,3,1,2023
2.85,14.79,Swasta,Desa,3,482,L,Tidak,0,1,0,2023
2.04,10.52,Swasta,Kota,4,119,P,Tidak,6,3,1,2023
2.54,10.07,Swasta,Desa,5,100,L,Tidak,1,4,1,2023
3.08,3.74,Negeri,Desa,3,33,P,Tidak,0,1,1,2023
3.27,13.41,Negeri,Kota,0,83,P,Tidak,2,4,1,2023
2.52,7.27,Swasta,Kota,0,408,P,Tidak,4,5,0,2023
2.28,3.69,Swasta,Kota,0,195,P,Tidak,4,5,1,2023
3.67,1.67,Swasta,Kota,3,329,P,Tidak,2,2,1,2023
3.97,9.06,Negeri,Kota,1,201,L,Tidak,5,4,1,2023
3.05,8.62,Negeri,Kota,4,343,P,Tidak,2,3,1,2023
2.34,11.21,Swasta,Kota,3,340,L,Tidak,7,2,1,2023
2.54,13.52,Swasta,Kota,1,10,P,Tidak,7,1,1,2023
2.04,2.57,Swasta,Kota,1,346,L,Tidak,6,1,1,2023
3.83,11.38,Swasta,Kota,5,399,P,Tidak,1,3,1,2023
2.24,4.03,Negeri,Kota,3,217,P,Tidak,7,0,1,2023
3.15,13.09,Swasta,Kota,3,444,P,Tidak,3,0,0,2023
2.55,12.56,Swasta,Kota,1,252,L,Ya,6,1,1,2023
3.11,8.8,Negeri,Kota,1,221,L,Tidak,6,3,1,2023
3.3,11.09,Swasta,Kota,1,382,P,Tidak,6,0,1,2023
3.66,5.74,Negeri,Kota,5,368,P,Tidak,0,4,1,2023
2.41,7.86,Negeri,Kota,3,79,L,Ya,0,1,1,2023
2.02,12.59,Swasta,Desa,1,6,P,Tidak,4,5,1,2023
2.27,7.7,Negeri,Kota,0,271,P,Tidak,6,4,0,2023
3.8,6.33,Negeri,Kota,3,226,L,Tidak,5,3,1,2023
3.75,8.17,Negeri,Desa,5,15,P,Tidak,7,5,1,2023
3.19,12.68,Negeri,Desa,0,423,P,Tidak,4,4,0,2023
3.2,6.03,Negeri,Desa,2,11,L,Tidak,1,0,1,2023
3.33,3.85,Negeri,Kota,3,290,L,Ya,2,0,1,2023
2.35,11.11,Swasta,Kota,2,240,P,Tidak,0,5,0,2023
3.83,12.65,Negeri,Desa,1,20,P,Tidak,6,2,1,2023
2.84,2.86,Negeri,Kota,5,177,L,Tidak,1,1,1,2023
2.77,4.74,Negeri,Kota,1,426,P,Tidak,4,5,1,2023
3.04,3.42,Swasta,Desa,5,227,P,Tidak,4,3,1,2023
2.09,6.2,Negeri,Desa,4,495,P,Tidak,0,1,0,2023
2.33,7.58,Swasta,Desa,1,272,L,Tidak,4,4,1,2023
3.48,11.61,Swasta,Desa,2,287,P,Tidak,5,3,1,2023
2.17,10.29,Swasta,Desa,5,296,L,Tidak,4,3,1,2023
3.21,9.88,Negeri,Kota,1,133,L,Tidak,3,0,1,2023
2.49,6.26,Swasta,Desa,3,471,L,Tidak,7,4,1,2023
2.78,12.86,Negeri,Kota,5,282,P,Tidak,2,0,0,2023
2.58,7.86,Swasta,Kota,5,403,P,Tidak,4,0,0,2023
2.71,14.72,Swasta,Desa,1,152,L,Tidak,7,2,1,2023
3.44,10.06,Negeri,Kota,4,65,P,Tidak,7,0,1,2023
2.59,3.2,Negeri,Kota,1,136,L,Tidak,3,1,1,2023
3.13,10.63,Negeri,Kota,2,91,L,Tidak,1,3,1,2023
2.95,5.89,Swasta,Desa,2,436,P,Tidak,4,0,1,2023
3.33,10.77,Negeri,Kota,5,316,P,Tidak,5,5,1,2023
3.87,2.44,Negeri,Desa,5,421,L,Tidak,1,1,1,2023
3.47,3.86,Negeri,Kota,1,258,P,Tidak,7,4,1,2023
2.43,13.05,Swasta,Desa,2,467,L,Tidak,7,3,1,2023
2.06,4.57,Swasta,Desa,2,453,L,Tidak,6,5,1,2023
2.52,12.8,Swasta,Kota,4,102,P,Tidak,4,5,1,2023
3.19,5.27,Swasta,Kota,3,480,P,Tidak,0,4,1,2023
2.1,10.18,Negeri,Kota,4,54,L,Tidak,3,5,1,2023
2.99,10.87,Negeri,Desa,0,256,P,Tidak,3,1,0,2023
3.19,8.42,Swasta,Kota,4,100,P,Tidak,0,4,0,2023
2.67,5.62,Negeri,Desa,1,197,L,Tidak,2,5,1,2023
3.54,4.37,Negeri,Kota,3,300,P,Tidak,7,4,1,2023
2.21,1.95,Negeri,Desa,1,225,P,Tidak,6,4,1,2023
2.15,5.6,Negeri,Desa,0,430,P,Tidak,5,0,0,2023
3.46,10.32,Negeri,Desa,3,462,P,Tidak,3,0,1,2023
2.99,14.17,Swasta,Desa,5,236,P,Tidak,1,0,0,2023
3.38,13.26,Negeri,Kota,2,25,L,Tidak,7,5,1,2023
2.87,11.84,Negeri,Kota,4,120,P,Tidak,5,3,1,2023
2.49,12.14,Negeri,Desa,1,397,P,Tidak,3,1,1,2023
3.64,10.48,Swasta,Desa,0,181,L,Tidak,6,5,1,2023
3.6,5.01,Negeri,Kota,2,198,P,Tidak,2,0,1,2023
3.39,13.75,Swasta,Kota,4,301,P,Tidak,6,4,1,2023
2.54,10.55,Swasta,Kota,2,254,P,Tidak,1,5,1,2023
3.18,9.07,Negeri,Kota,4,121,L,Tidak,6,4,1,2023
2.72,3,Swasta,Kota,5,30,L,Tidak,5,4,1,2023
2.18,7.54,Swasta,Kota,3,471,P,Tidak,7,4,1,2023
3.83,7.71,Swasta,Desa,2,314,L,Tidak,1,2,1,2023
2.27,13.17,Swasta,Kota,2,478,P,Tidak,7,3,1,2023
3.9,8.88,Negeri,Kota,2,284,L,Tidak,0,1,1,2023
2.89,6.64,Negeri,Kota,3,105,L,Ya,4,1,1,2023
2.37,14.69,Negeri,Kota,0,223,L,Tidak,0,0,0,2024
3.08,2.99,Negeri,Desa,4,272,L,Tidak,5,2,1,2024
3.75,7.2,Swasta,Desa,5,397,P,Tidak,4,5,1,2024
3.46,2.07,Negeri,Kota,2,231,L,Tidak,0,5,1,2024
3.61,11.49,Swasta,Desa,3,419,L,Tidak,4,1,1,2024
3.32,13.89,Swasta,Desa,0,255,L,Tidak,3,3,1,2024
3.38,5.28,Swasta,Desa,4,441,P,Tidak,6,4,1,2024
3.7,13.09,Swasta,Kota,3,495,L,Tidak,1,0,1,2024
2.5,5.44,Negeri,Desa,5,23,P,Ya,4,3,1,2024
2.98,13.8,Negeri,Kota,5,108,P,Tidak,3,1,1,2024
2.44,11.68,Negeri,Kota,4,190,P,Tidak,6,2,1,2024
3.98,12.37,Negeri,Kota,2,346,P,Tidak,6,0,1,2024
3.89,1.74,Negeri,Kota,5,24,P,Tidak,2,1,1,2024
2.08,14.5,Negeri,Kota,0,186,P,Tidak,7,5,0,2024
3.41,11.31,Swasta,Kota,3,287,L,Tidak,0,0,0,2024
3.85,5.61,Negeri,Kota,0,115,L,Tidak,2,1,1,2024
2.36,12.7,Negeri,Desa,2,337,L,Ya,7,5,1,2024
3.14,5.3,Swasta,Desa,0,365,P,Tidak,7,5,1,2024
3.83,13.28,Negeri,Kota,0,401,P,Tidak,5,4,1,2024
2.07,3.02,Negeri,Desa,1,36,P,Tidak,3,2,1,2024
3.39,11,Swasta,Desa,0,281,L,Tidak,2,4,1,2024
2.59,8.8,Swasta,Desa,4,136,P,Tidak,2,1,1,2024
3.85,2.8,Swasta,Kota,3,226,L,Tidak,7,3,1,2024
3.94,4.77,Negeri,Desa,1,319,L,Tidak,6,4,1,2024
3.89,1.67,Swasta,Desa,3,327,L,Tidak,3,3,1,2024
2.95,7.83,Swasta,Desa,3,403,L,Ya,6,5,1,2024
3.72,5.57,Negeri,Kota,2,181,P,Tidak,1,1,1,2024
3.69,9.58,Swasta,Kota,2,361,L,Tidak,4,2,1,2024
2.64,5.51,Swasta,Kota,1,85,L,Tidak,5,3,1,2024
3.66,5.55,Negeri,Kota,5,466,P,Tidak,5,1,1,2024
2.07,11.53,Negeri,Kota,2,413,P,Ya,0,3,1,2024
3.19,2.15,Swasta,Kota,2,52,P,Tidak,6,4,1,2024
2.46,13.69,Swasta,Desa,2,347,L,Tidak,4,1,1,2024
2.24,13.01,Negeri,Desa,3,354,P,Tidak,7,4,1,2024
2.15,10.52,Swasta,Kota,1,234,P,Tidak,0,0,0,2024
3.39,9.51,Negeri,Desa,3,446,L,Tidak,5,1,1,2024
2.68,13.55,Negeri,Kota,4,266,P,Tidak,4,3,1,2024
3.45,4,Negeri,Desa,3,286,L,Tidak,2,0,1,2024
2.13,2.57,Swasta,Desa,4,432,L,Tidak,1,4,1,2024
2.63,4.73,Swasta,Desa,0,495,P,Tidak,7,4,1,2024
3.08,12.23,Negeri,Desa,0,486,P,Tidak,2,3,0,2024
3.58,1.97,Negeri,Kota,4,99,L,Tidak,1,0,1,2024
2.64,9.37,Negeri,Desa,4,477,P,Tidak,7,5,1,2024
3.25,14.94,Swasta,Kota,3,86,P,Tidak,6,2,1,2024
3.77,13.05,Swasta,Desa,4,402,P,Tidak,3,3,1,2024
3.23,8.54,Swasta,Desa,1,395,L,Tidak,0,4,1,2024
2.47,2.36,Swasta,Desa,0,14,P,Tidak,0,1,0,2024
2.05,12.72,Swasta,Kota,0,414,L,Tidak,3,0,0,2024
3.74,9.59,Negeri,Desa,5,426,P,Tidak,4,5,1,2024
2.04,3.05,Negeri,Kota,4,100,L,Tidak,3,2,1,2024
3.75,2.77,Negeri,Kota,2,164,L,Tidak,6,1,1,2024
3.06,13.78,Swasta,Desa,2,462,P,Tidak,5,0,0,2024
3.88,10.53,Swasta,Kota,4,28,L,Tidak,3,5,1,2024
3.6,12.7,Negeri,Desa,1,113,L,Tidak,1,3,1,2024
4,13.37,Swasta,Kota,2,106,L,Tidak,5,5,1,2024
2.7,9.22,Negeri,Kota,5,409,P,Tidak,3,3,1,2024
3.53,8.49,Negeri,Desa,4,363,L,Tidak,0,0,0,2024
2.8,7.31,Swasta,Kota,1,129,P,Tidak,2,5,1,2024
2.96,5.78,Swasta,Kota,1,83,L,Tidak,1,2,1,2024
3.26,7.37,Swasta,Desa,3,270,L,Tidak,6,5,1,2024
3.75,11.95,Negeri,Kota,1,243,L,Tidak,1,0,1,2024
3.97,9.63,Negeri,Kota,2,387,P,Tidak,7,1,1,2024
3.54,13.55,Swasta,Kota,2,213,L,Ya,4,1,1,2024
2.84,7.49,Negeri,Desa,4,305,L,Tidak,2,5,1,2024
2.84,9.7,Negeri,Desa,4,165,P,Tidak,1,5,1,2024
3.48,10.02,Swasta,Desa,1,278,P,Tidak,7,3,1,2024
2.48,9.49,Negeri,Kota,5,58,L,Tidak,3,0,0,2024
2.22,10.99,Swasta,Desa,0,89,L,Tidak,1,3,0,2024
2.71,4.71,Swasta,Desa,3,370,P,Tidak,1,2,1,2024
2.57,8.42,Negeri,Desa,0,330,L,Tidak,1,1,0,2024
2.59,2.91,Negeri,Kota,1,411,L,Tidak,4,4,1,2024
2.47,6.69,Swasta,Desa,1,193,P,Tidak,1,4,1,2024
2.08,8.08,Swasta,Desa,0,122,P,Tidak,1,0,0,2024
2.04,10.31,Swasta,Kota,3,135,P,Ya,4,0,1,2024
3.98,14.33,Swasta,Kota,0,412,L,Tidak,7,4,1,2024
2.86,9.61,Swasta,Desa,4,138,L,Tidak,5,0,0,2024
2.77,11.54,Swasta,Kota,2,228,P,Tidak,2,1,1,2024
3.36,8.33,Negeri,Desa,5,273,L,Tidak,7,2,1,2024
2.44,10.06,Negeri,Desa,4,438,P,Tidak,6,2,1,2024
3.9,2.46,Negeri,Kota,2,49,P,Tidak,5,3,1,2024
3.57,4.93,Negeri,Kota,5,397,L,Tidak,0,1,1,2024
2.18,6.39,Negeri,Kota,5,117,P,Tidak,4,0,0,2024
2.84,7.88,Negeri,Desa,5,201,P,Tidak,4,0,0,2024
3.76,2.12,Swasta,Kota,1,482,P,Tidak,1,3,1,2024
3.89,3.39,Negeri,Desa,5,392,L,Tidak,1,3,1,2024
2.93,5.24,Negeri,Kota,3,482,L,Tidak,6,0,1,2024
3.23,14.62,Negeri,Kota,0,394,P,Tidak,0,0,0,2024
2.33,5.97,Negeri,Kota,3,190,L,Tidak,1,1,1,2024
3.98,8.01,Negeri,Kota,0,363,P,Tidak,3,3,1,2024
2.46,4.15,Negeri,Desa,4,459,L,Tidak,1,1,1,2024
3.89,9.75,Negeri,Kota,4,322,P,Tidak,1,5,1,2024
3.3,5.29,Swasta,Kota,0,180,L,Tidak,3,0,1,2024
3.22,4.29,Swasta,Kota,3,422,P,Tidak,0,4,1,2024
3.03,8.47,Swasta,Kota,0,77,L,Tidak,3,4,0,2024
2.46,1.57,Swasta,Kota,5,439,L,Tidak,4,5,1,2024
2.35,1.6,Negeri,Desa,1,411,L,Tidak,3,0,1,2024
2.44,4.46,Swasta,Kota,4,74,P,Tidak,2,3,1,2024
2.37,2,Swasta,Kota,1,294,L,Tidak,4,4,1,2024
3.56,2.96,Negeri,Kota,5,280,P,Tidak,1,3,1,2024
2.7,6.07,Swasta,Desa,5,20,P,Ya,6,4,1,2024
2.12,12.33,Negeri,Kota,4,393,L,Tidak,4,3,1,2024
3.94,9.22,Swasta,Kota,4,170,P,Tidak,0,4,1,2024
3.77,8.42,Swasta,Desa,5,14,L,Tidak,0,3,1,2024
3.86,5.46,Negeri,Kota,2,210,P,Tidak,3,5,1,2024
3.99,14.08,Swasta,Kota,1,47,P,Tidak,4,1,1,2024
2.35,6.86,Swasta,Kota,1,85,L,Tidak,1,3,1,2024
2.79,2.68,Swasta,Desa,2,148,L,Tidak,0,1,1,2024
3.52,9.83,Negeri,Kota,3,187,L,Tidak,5,1,1,2024
3.39,3.04,Swasta,Desa,1,371,P,Tidak,1,0,1,2024
2.31,6.16,Negeri,Kota,0,491,L,Tidak,5,5,0,2024
3.63,8.35,Negeri,Kota,5,479,P,Tidak,2,1,1,2024
2.45,13.3,Negeri,Kota,5,305,L,Tidak,5,2,1,2024
2.45,8.16,Swasta,Kota,2,150,P,Tidak,7,1,1,2024
3.07,10.98,Swasta,Desa,1,140,L,Tidak,0,3,0,2024
3.19,14.9,Swasta,Kota,3,68,P,Tidak,3,1,1,2024
3.16,3.28,Swasta,Kota,1,259,P,Tidak,2,3,1,2024
2.18,5.21,Negeri,Kota,5,475,P,Tidak,4,3,1,2024
3.75,6.83,Negeri,Desa,4,333,L,Tidak,1,2,1,2024
2.53,7.19,Negeri,Kota,0,455,L,Ya,0,1,0,2024
2.26,7.05,Negeri,Desa,2,8,L,Tidak,2,1,1,2024
3.78,13.75,Negeri,Kota,4,120,P,Tidak,2,4,1,2024
3.91,11.14,Negeri,Kota,3,370,L,Tidak,7,4,1,2024
3.72,9.71,Negeri,Kota,4,418,P,Tidak,0,0,0,2024
3.62,5.68,Negeri,Kota,4,100,L,Tidak,4,3,1,2024
3.31,12.62,Negeri,Kota,3,148,P,Ya,4,2,1,2024
3.1,14.39,Negeri,Kota,4,441,P,Tidak,3,4,1,2024
2.17,12.59,Swasta,Desa,2,145,P,Tidak,6,1,1,2024
2.82,1.52,Swasta,Desa,5,352,L,Tidak,5,0,1,2024
2.75,10.09,Swasta,Desa,1,455,L,Tidak,4,2,1,2024
2.52,2.19,Negeri,Kota,4,242,L,Tidak,7,5,1,2024
3.45,4.98,Negeri,Kota,2,240,L,Tidak,3,1,1,2024
2.99,2.3,Swasta,Kota,1,336,P,Tidak,5,1,1,2024
2.16,9.65,Negeri,Desa,1,42,P,Tidak,2,5,1,2024
2.44,10.77,Negeri,Desa,4,94,P,Tidak,0,3,0,2024
3.37,3.05,Negeri,Kota,2,225,L,Tidak,4,3,1,2024
2.15,6.68,Negeri,Kota,5,5,P,Tidak,3,4,1,2024
3.7,7.66,Negeri,Kota,4,213,P,Tidak,2,4,1,2024
2.99,6.48,Negeri,Kota,3,205,P,Tidak,4,1,1,2024
2.96,3.13,Swasta,Kota,1,66,L,Tidak,1,1,1,2024
3.18,7.16,Negeri,Kota,4,395,L,Tidak,6,4,1,2024
3.65,11.64,Negeri,Desa,1,99,L,Tidak,2,5,1,2024
2.7,2.46,Swasta,Kota,2,11,P,Tidak,7,4,1,2024
3.36,2.58,Negeri,Kota,0,236,P,Tidak,7,1,1,2024
3.13,6.29,Negeri,Desa,4,321,L,Tidak,4,2,1,2024
2.53,14.21,Swasta,Kota,5,257,L,Tidak,7,1,1,2024
3.76,10.53,Negeri,Kota,4,398,P,Tidak,2,2,1,2024
3.59,10.66,Negeri,Kota,1,406,P,Tidak,0,2,1,2024
3.32,6.39,Negeri,Kota,2,412,L,Tidak,0,1,1,2024
3.7,9.51,Negeri,Kota,3,336,P,Tidak,6,0,1,2024
3.73,1.64,Negeri,Desa,5,479,P,Ya,0,4,1,2024
3.42,10.09,Swasta,Kota,2,134,P,Tidak,5,3,1,2024
3.67,13.83,Negeri,Kota,4,221,L,Tidak,1,1,1,2024
3.39,9.77,Negeri,Desa,3,155,P,Tidak,0,2,1,2024
3.36,13.29,Negeri,Kota,2,141,P,Tidak,7,1,1,2024
3.24,11.27,Negeri,Desa,0,427,L,Tidak,1,4,1,2024
3.51,3.13,Swasta,Desa,5,157,P,Tidak,0,5,1,2024
2.32,13.68,Negeri,Kota,1,464,P,Tidak,5,2,1,2024
3.76,2.4,Negeri,Desa,2,415,P,Tidak,7,3,1,2024
3.74,8.71,Negeri,Kota,2,493,L,Tidak,2,3,1,2024
2.06,3.42,Negeri,Desa,0,325,P,Tidak,4,3,1,2024
3.65,1.66,Negeri,Kota,4,370,P,Tidak,4,5,1,2024
2.26,7.2,Swasta,Desa,5,343,L,Tidak,0,0,0,2024
2.67,5.48,Negeri,Desa,5,261,P,Tidak,4,2,1,2024
3.49,8.06,Negeri,Kota,1,282,P,Tidak,0,5,1,2024
2.32,9.29,Negeri,Kota,2,337,P,Tidak,0,2,0,2024
3.64,2.09,Swasta,Desa,3,343,L,Tidak,7,5,1,2024
3.66,3.16,Negeri,Desa,2,228,P,Tidak,6,5,1,2024
3.01,9.04,Swasta,Kota,1,375,L,Tidak,3,0,0,2024
2.01,6.13,Swasta,Desa,2,279,L,Ya,3,2,1,2024
2.57,11.34,Swasta,Kota,0,357,P,Tidak,6,5,0,2024
3.23,10.31,Negeri,Kota,2,289,L,Tidak,3,0,1,2024
3.96,12.92,Negeri,Kota,2,167,P,Tidak,1,1,1,2024
3.26,10.85,Swasta,Kota,3,46,L,Ya,3,4,1,2024
2.52,7.3,Swasta,Desa,0,462,L,Tidak,0,5,0,2024
3.27,10.59,Swasta,Kota,0,202,L,Tidak,5,3,1,2024
3.08,5.22,Negeri,Desa,2,213,P,Tidak,5,0,1,2024
3.56,5.64,Negeri,Kota,5,245,P,Tidak,2,0,1,2024
2.21,12.15,Negeri,Kota,3,23,P,Tidak,7,5,1,2024
3.52,7.53,Swasta,Kota,2,320,L,Tidak,3,0,1,2024
3.08,12.28,Negeri,Kota,2,273,L,Tidak,5,1,1,2024
3.93,12.6,Negeri,Kota,1,43,P,Tidak,3,0,1,2024
2.68,13.08,Swasta,Kota,1,331,L,Tidak,7,4,1,2024
3.27,13.87,Negeri,Kota,5,312,L,Tidak,2,4,1,2024
3.86,7.32,Swasta,Kota,3,362,P,Tidak,5,3,1,2024
2.21,5.8,Negeri,Kota,4,155,L,Ya,0,1,1,2024
3.87,9.36,Negeri,Kota,1,487,P,Tidak,1,4,1,2024
3.38,6.51,Negeri,Desa,4,379,P,Tidak,6,5,1,2024
2.14,9.61,Swasta,Desa,0,198,L,Tidak,6,2,0,2024
2.6,11.03,Negeri,Kota,1,406,L,Tidak,6,2,1,2024
3.42,10.79,Negeri,Kota,1,468,L,Tidak,3,2,1,2024
2.13,6.56,Swasta,Kota,3,161,P,Tidak,5,5,1,2024
3.16,3.75,Negeri,Desa,5,394,P,Tidak,7,0,1,2024
2.69,7.31,Negeri,Kota,4,469,L,Tidak,7,5,1,2024
3.24,3.43,Negeri,Kota,1,233,L,Tidak,5,0,1,2024
2.09,13.52,Negeri,Kota,1,162,P,Tidak,2,2,1,2024
3.74,6.17,Swasta,Kota,3,115,P,Tidak,0,3,1,2024
3.95,3.59,Negeri,Kota,3,92,L,Tidak,4,3,1,2024
3.94,1.84,Negeri,Desa,5,41,L,Tidak,5,0,1,2024
3.5,10.22,Negeri,Kota,4,283,L,Tidak,1,2,1,2024
2.26,10.1,Swasta,Kota,0,378,P,Tidak,2,5,0,2024
